unique_file_id,tp,tn,fp,fn,TPR,FPR,TNR,FNR,PPV,ACC,BA
54,12556494.0,2352131430.0,190.0,104925326.0,0.10688031560968327,8.077779252846404e-08,0.9999999192222074,0.8931196843903167,0.999984868616587,0.9256064690026954,0.5534401174159453
59,16080393.0,2352130882.0,738.0,101401427.0,0.1368755863673205,3.137579520316129e-07,0.9999996862420479,0.8631244136326794,0.9999541077054841,0.9256064690026954,0.5684376363046842
76,18384010.0,2352130427.0,1193.0,99097810.0,0.1564838712917454,5.07199507823461e-07,0.9999994928004922,0.8435161287082547,0.9999351108606198,0.9256064690026954,0.5782416820461188
135,20416591.0,2352129905.0,1715.0,97065229.0,0.1737851099004084,7.291258641385043e-07,0.9999992708741359,0.8262148900995916,0.9999160067441442,0.9293800539083558,0.5868921903872721
15,28582849.0,2352087413.0,44207.0,88898971.0,0.24329593293668755,1.8794441443714787e-05,0.9999812055585563,0.7567040670633125,0.9984557615704528,0.9380053908355795,0.621638569247622
10,48389132.0,2346681437.0,5450183.0,69092688.0,0.4118861284239553,0.002317125008506114,0.9976828749914939,0.5881138715760448,0.8987694587124669,0.9450134770889488,0.7047845017077246
